"Id";"Designator";"Package";"Quantity";"Designation";"Supplier and ref";
1;"C2,C9";"C_0805_2012Metric";2;"220n";;;
2;"C15,C16,C20,C21,C8,C1";"C_1206_3216Metric";6;"10u";;;
3;"C18,C22,C14,C11,C7,C4,C17,C24,C23";"C_0603_1608Metric";9;"100n";;;
4;"C19,C10,C3";"C_0603_1608Metric";3;"10n";;;
5;"R14,R12,R16,R18,R20";"R_0603_1608Metric";5;"10k1%";;;
6;"R24";"R_0603_1608Metric";1;"110k1%";;;
7;"R25";"R_0603_1608Metric";1;"21k1%";;;
8;"J2";"PinHeader_1x03_P2.54mm_Vertical";1;"Conn_01x03";;;
9;"J7";"Molex_Micro-Fit_3.0_43045-0212_2x01_P3.00mm_Vertical";1;"CELL2";;;
10;"R27,R4,R3,R5";"R_0603_1608Metric";4;"680R";;;
11;"U1,U3";"HTSSOP-28-1EP_4.4x9.7mm_P0.65mm_EP3.4x9.5mm_ThermalVias";2;"L6470";;;
12;"J9";"Molex_Micro-Fit_3.0_43045-0212_2x01_P3.00mm_Vertical";1;"SW";;;
13;"D6,D2";"LED_0805_2012Metric";2;"RED";;;
14;"D7,D10,D1";"LED_0805_2012Metric";3;"GREEN";;;
15;"R21,R22,R1,R2,R23";"R_0603_1608Metric";5;"10k";;;
16;"D8,D9";"D_SMB";2;"SK52";;;
17;"F1";"Fuse_1206_3216Metric";1;"2.5A";;;
18;"U5";"TI_SO-PowerPAD-8";1;"ST1S10";;;
19;"D5,D4";"SOT-23";2;"BAV99";;;
20;"R13,R11";"R_0603_1608Metric";2;"27k1%";;;
21;"J11";"Molex_PicoBlade_53047-0510_1x05_P1.25mm_Vertical";1;"ToF2";;;
22;"J12";"Molex_PicoBlade_53047-0510_1x05_P1.25mm_Vertical";1;"ToF3";;;
23;"J13";"Molex_PicoBlade_53047-0510_1x05_P1.25mm_Vertical";1;"ToF4";;;
24;"J18";"Molex_PicoBlade_53047-0510_1x05_P1.25mm_Vertical";1;"IMU";;;
25;"J14";"Molex_PicoBlade_53047-0510_1x05_P1.25mm_Vertical";1;"ToF5";;;
26;"J15";"Molex_PicoBlade_53047-0510_1x05_P1.25mm_Vertical";1;"ToF6";;;
27;"J5";"Molex_Micro-Fit_3.0_43650-0415_1x04_P3.00mm_Vertical";1;"Motor R";;;
28;"J4";"Molex_Micro-Fit_3.0_43650-0415_1x04_P3.00mm_Vertical";1;"Motor L";;;
29;"J6";"Molex_Micro-Fit_3.0_43045-0212_2x01_P3.00mm_Vertical";1;"CELL3";;;
30;"H1,H2,H3,H4";"MountingHole_2.7mm_M2.5_Pad";4;"MountingHole_Pad";;;
31;"J17";"Molex_PicoBlade_53047-0510_1x05_P1.25mm_Vertical";1;"Temp";;;
32;"J10";"Molex_PicoBlade_53047-0510_1x05_P1.25mm_Vertical";1;"ToF1";;;
33;"J8";"Molex_Micro-Fit_3.0_43045-0212_2x01_P3.00mm_Vertical";1;"CELL1";;;
34;"J16";"Molex_PicoBlade_53047-0710_1x07_P1.25mm_Vertical";1;"SPI";;;
35;"Q1";"SOT-363_SC-70-6";1;"BC847BS";;;
36;"J3";"PinHeader_1x02_P2.54mm_Vertical";1;"Conn_01x02";;;
37;"U2";"TSSOP-8_3x3mm_P0.65mm";1;"74HC2G00";;;
38;"L1";"L_6.7x6.7_H2.2";1;"3.3uH";;;
39;"LOGO1";"bionik_logo";1;"bionik_logo";;;
40;"C5,C6,C13,C12";"CP_EIA-7343-31_Kemet-D";4;"47u";;;
41;"R6,R7,R10,R8,R9";"R_0603_1608Metric";5;"40k";;;
42;"R17";"R_0603_1608Metric";1;"36k1%";;;
43;"R19";"R_0603_1608Metric";1;"56k1%";;;
44;"U4";"8-uMAX";1;"MAX11613";;;
45;"R15";"R_0603_1608Metric";1;"15k1%";;;
46;"J1";"PinSocket_2x20_P2.54mm_Vertical";1;"RPi4";;;
47;"D3";"D_0603_1608Metric";1;"1N4148";;;
48;"Q2";"SOT-23";1;"BC817";;;
49;"U6";"SOT-223_New";1;"AMS1117-3.3-Regulator_Linear";;;
50;"C25,C26";"C_0603_1608Metric";2;"10u";;;
